<?xml version="1.0" encoding="utf-8"?>
<root>
  <doclet-version-NOT-library-version>1.00</doclet-version-NOT-library-version>
  <dependsOn>jcore</dependsOn>
  <dependsOn>jfx</dependsOn>
  <dependsOn>json</dependsOn>
  <dependsOn>jmqtt</dependsOn>
  <class b4a_type="StaticCode">
    <name>com.rwblinn.tfmqtt.helpers</name>
    <shortname>Helpers</shortname>
    <objectwrapper>java.lang.Class</objectwrapper>
    <method>
      <name DesignerName="ConvertUNIXDateTimeStamp">_convertunixdatetimestamp</name>
      <comment> Convert a UNIX datetimestamp, like 1474553572.646973 into format dd-MMM-YYYY HH:mm
</comment>
      <returntype>String</returntype>
      <parameter>
        <name>Value</name>
        <type>String</type>
      </parameter>
    </method>
    <method>
      <name DesignerName="Process_Globals">_process_globals</name>
      <comment>Static code module
</comment>
      <returntype>String</returntype>
    </method>
  </class>
  <class>
    <name>com.rwblinn.tfmqtt.brickletrgbled</name>
    <shortname>BrickletRGBLED</shortname>
    <method>
      <name>IsInitialized</name>
      <comment>Tests whether the object has been initialized.</comment>
      <returntype>boolean</returntype>
    </method>
    <method>
      <name DesignerName="Class_Globals">_class_globals</name>
      <returntype>String</returntype>
    </method>
    <method>
      <name DesignerName="Get_Color">_get_color</name>
      <comment> Parse the RGBLED JSON payload into a map with key timestamp,r,g,b. Requires the JSON library.
 Example payload:
 {"r":112,"_timestamp":1474963659.833381,"b":34,"g":112}
 Case $"tinkerforge/bricklet/rgb_led/zJW/rgb_value"$
	Dim m As Map = TFMQTT.getRGBLED_Color(PayLoadStr)
	Log(m.Get("timestamp") &amp; "-" &amp; m.Get("r") &amp; "-" &amp; m.Get("g") &amp; "-" &amp; m.Get("b"))
</comment>
      <returntype>anywheresoftware.b4a.objects.collections.Map</returntype>
      <parameter>
        <name>payload</name>
        <type>String</type>
      </parameter>
    </method>
    <method>
      <name DesignerName="Initialize">_initialize</name>
      <comment> Initializes the class.
 Parameter mqtt: an initialized mqtt client
</comment>
      <returntype>String</returntype>
      <parameter>
        <name>ba</name>
        <type>anywheresoftware.b4a.BA</type>
      </parameter>
      <parameter>
        <name>mqtt</name>
        <type>anywheresoftware.b4j.objects.MqttAsyncClientWrapper</type>
      </parameter>
      <parameter>
        <name>brickletuid</name>
        <type>String</type>
      </parameter>
    </method>
    <method>
      <name DesignerName="Set_Color">_set_color</name>
      <comment> Set the color of a RGBLED Blicklet
 Red, Green, Blue: 0 - 255
 Dimmer percent: 0 - 100
 Example: Set_Color(200, 201, 202, 50)
 TODO: additional checks for rgb values in range
</comment>
      <returntype>String</returntype>
      <parameter>
        <name>r</name>
        <type>int</type>
      </parameter>
      <parameter>
        <name>g</name>
        <type>int</type>
      </parameter>
      <parameter>
        <name>b</name>
        <type>int</type>
      </parameter>
      <parameter>
        <name>dimmerpct</name>
        <type>int</type>
      </parameter>
    </method>
    <method>
      <name DesignerName="Set_Color_Off">_set_color_off</name>
      <comment> Set the RGBLED Blicklet color off
 Example: Set_Color_Off
 TODO: additional checks for rgb values in range
</comment>
      <returntype>String</returntype>
    </method>
    <method>
      <name DesignerName="Subscribe_RGB_Value">_subscribe_rgb_value</name>
      <comment> Subscribe to the value of a RGB LED
 Example:
 Subscribe_RGB_Value
 The value is returned as JSON string:
 {"r":112,"_timestamp":1474963659.833381,"b":34,"g":112}
</comment>
      <returntype>String</returntype>
    </method>
    <field>
      <name DesignerName="uid">_uid</name>
      <returntype>String</returntype>
    </field>
    <field>
      <name DesignerName="Topic_RGB_Value">_topic_rgb_value</name>
      <returntype>String</returntype>
    </field>
  </class>
  <class>
    <name>com.rwblinn.tfmqtt.brickletoled64x48</name>
    <shortname>BrickletOLED64x48</shortname>
    <method>
      <name>IsInitialized</name>
      <comment>Tests whether the object has been initialized.</comment>
      <returntype>boolean</returntype>
    </method>
    <method>
      <name DesignerName="Class_Globals">_class_globals</name>
      <returntype>String</returntype>
    </method>
    <method>
      <name DesignerName="Clear_Display">_clear_display</name>
      <comment> Clear the display
 TODO: additional checks for parameter in range
</comment>
      <returntype>String</returntype>
    </method>
    <method>
      <name DesignerName="Initialize">_initialize</name>
      <comment> Initializes the class.
 Parameter mqtt: an initialized mqtt client
</comment>
      <returntype>String</returntype>
      <parameter>
        <name>ba</name>
        <type>anywheresoftware.b4a.BA</type>
      </parameter>
      <parameter>
        <name>mqtt</name>
        <type>anywheresoftware.b4j.objects.MqttAsyncClientWrapper</type>
      </parameter>
      <parameter>
        <name>brickletuid</name>
        <type>String</type>
      </parameter>
    </method>
    <method>
      <name DesignerName="Subscribe_Display_Configuration">_subscribe_display_configuration</name>
      <returntype>String</returntype>
    </method>
    <method>
      <name DesignerName="Write_Line">_write_line</name>
      <comment> Write a line at line:position.
 Line: 0 - 5, Position: 0 - 12, Text max length: 13
 TODO: additional checks for parameter in range
</comment>
      <returntype>String</returntype>
      <parameter>
        <name>line</name>
        <type>int</type>
      </parameter>
      <parameter>
        <name>position</name>
        <type>int</type>
      </parameter>
      <parameter>
        <name>text</name>
        <type>String</type>
      </parameter>
    </method>
    <field>
      <name DesignerName="uid">_uid</name>
      <returntype>String</returntype>
    </field>
    <field>
      <name DesignerName="Topic_Display_Configuration">_topic_display_configuration</name>
      <returntype>String</returntype>
    </field>
  </class>
  <class>
    <name>com.rwblinn.tfmqtt.brickletio4</name>
    <shortname>BrickletIO4</shortname>
    <method>
      <name>IsInitialized</name>
      <comment>Tests whether the object has been initialized.</comment>
      <returntype>boolean</returntype>
    </method>
    <method>
      <name DesignerName="Class_Globals">_class_globals</name>
      <returntype>String</returntype>
    </method>
    <method>
      <name DesignerName="Initialize">_initialize</name>
      <comment> Initializes the class.
 Parameter mqtt: an initialized mqtt client
</comment>
      <returntype>String</returntype>
      <parameter>
        <name>ba</name>
        <type>anywheresoftware.b4a.BA</type>
      </parameter>
      <parameter>
        <name>mqtt</name>
        <type>anywheresoftware.b4j.objects.MqttAsyncClientWrapper</type>
      </parameter>
      <parameter>
        <name>brickletuid</name>
        <type>String</type>
      </parameter>
    </method>
    <method>
      <name DesignerName="Set_Pin_Configuration">_set_pin_configuration</name>
      <comment> Set the configuration
 Example: Set_Configuration(1, "o", false)
 TODO: additional checks for parameter in range
</comment>
      <returntype>String</returntype>
      <parameter>
        <name>selection_mask</name>
        <type>int</type>
      </parameter>
      <parameter>
        <name>direction</name>
        <type>String</type>
      </parameter>
      <parameter>
        <name>value</name>
        <type>boolean</type>
      </parameter>
    </method>
    <method>
      <name DesignerName="Set_Pin_Value">_set_pin_value</name>
      <comment> Set the value
 Example: Set_Value(3)
 TODO: additional checks for parameter in range
</comment>
      <returntype>String</returntype>
      <parameter>
        <name>value_mask</name>
        <type>int</type>
      </parameter>
    </method>
    <method>
      <name DesignerName="Subscribe_Configuration">_subscribe_configuration</name>
      <returntype>String</returntype>
    </method>
    <method>
      <name DesignerName="Subscribe_Value">_subscribe_value</name>
      <returntype>String</returntype>
    </method>
    <field>
      <name DesignerName="uid">_uid</name>
      <returntype>String</returntype>
    </field>
    <field>
      <name DesignerName="Topic_Value">_topic_value</name>
      <returntype>String</returntype>
    </field>
    <field>
      <name DesignerName="Topic_Configuration">_topic_configuration</name>
      <returntype>String</returntype>
    </field>
  </class>
  <class>
    <name>com.rwblinn.tfmqtt.brickletambientlight</name>
    <shortname>BrickletAmbientLight</shortname>
    <method>
      <name>IsInitialized</name>
      <comment>Tests whether the object has been initialized.</comment>
      <returntype>boolean</returntype>
    </method>
    <method>
      <name DesignerName="Class_Globals">_class_globals</name>
      <returntype>String</returntype>
    </method>
    <method>
      <name DesignerName="Initialize">_initialize</name>
      <comment> Initializes the class.
 Parameter mqtt: an initialized mqtt client
</comment>
      <returntype>String</returntype>
      <parameter>
        <name>ba</name>
        <type>anywheresoftware.b4a.BA</type>
      </parameter>
      <parameter>
        <name>mqtt</name>
        <type>anywheresoftware.b4j.objects.MqttAsyncClientWrapper</type>
      </parameter>
      <parameter>
        <name>brickletuid</name>
        <type>String</type>
      </parameter>
    </method>
    <method>
      <name DesignerName="Subscribe_Illuminance">_subscribe_illuminance</name>
      <comment> Subscribe to the illuminance value
 Example:
 Subscribe_Illuminance
 The value is returned as JSON string:
 {"_timestamp":1474963659.833381,"illuminance":123}
</comment>
      <returntype>String</returntype>
    </method>
    <field>
      <name DesignerName="uid">_uid</name>
      <returntype>String</returntype>
    </field>
    <field>
      <name DesignerName="Topic_Illuminance">_topic_illuminance</name>
      <returntype>String</returntype>
    </field>
  </class>
  <class>
    <name>com.rwblinn.tfmqtt.brickletmotiondetector</name>
    <shortname>BrickletMotionDetector</shortname>
    <method>
      <name>IsInitialized</name>
      <comment>Tests whether the object has been initialized.</comment>
      <returntype>boolean</returntype>
    </method>
    <method>
      <name DesignerName="Class_Globals">_class_globals</name>
      <returntype>String</returntype>
    </method>
    <method>
      <name DesignerName="Initialize">_initialize</name>
      <comment> Initializes the class.
 Parameter mqtt: an initialized mqtt client
</comment>
      <returntype>String</returntype>
      <parameter>
        <name>ba</name>
        <type>anywheresoftware.b4a.BA</type>
      </parameter>
      <parameter>
        <name>mqtt</name>
        <type>anywheresoftware.b4j.objects.MqttAsyncClientWrapper</type>
      </parameter>
      <parameter>
        <name>brickletuid</name>
        <type>String</type>
      </parameter>
    </method>
    <method>
      <name DesignerName="Subscribe_Motion_Detected">_subscribe_motion_detected</name>
      <comment> Subscribe to motion_detected
 Example:
 Subscribe_Illuminance
 The value is returned as JSON string:
 {"_timestamp":1474963659.833381,"motion":1}
</comment>
      <returntype>String</returntype>
    </method>
    <field>
      <name DesignerName="uid">_uid</name>
      <returntype>String</returntype>
    </field>
    <field>
      <name DesignerName="Topic_Motion_Detected">_topic_motion_detected</name>
      <returntype>String</returntype>
    </field>
  </class>
  <version>0.19</version>
  <author>Robert W.B. Linn (20161005)</author>
</root>