[
  {
    "Color Off Green": "0",
    "Color On Green": "0",
    "Color On Red": "255",
    "Position": "54.4994,10.2691",
    "Reference": "http:\/\/www.wsa-hl.wsv.de\/wasserstrassen\/bauwerke\/leuchttuerme\/lt_kiel\/index.html",
    "Color Off Red": "0",
    "Color On Blue": "0",
    "Color Off Blue": "255",
    "Name": "Kieler-Leuchtturm",
    "Interval": "3"
  },
  {
    "Color Off Green": "0",
    "Color On Green": "0",
    "Color On Red": "255",
    "Position": "53.92,8.48",
    "Reference": "http:\/\/www.wsd-nord.wsv.de\/Service\/Sehenswertes\/Leuchttuerme\/Standorte\/Neuwerk\/index.html",
    "Color Off Red": "0",
    "Color On Blue": "0",
    "Color Off Blue": "0",
    "Name": "Neuwerk",
    "Interval": "5"
  },
  {
    "Color Off Green": "0",
    "Color On Green": "255",
    "Color On Red": "255",
    "Position": "54.356974,10.604179",
    "Reference": "http:\/\/www.wsa-hl.wsv.de\/wasserstrassen\/bauwerke\/leuchttuerme\/lt_neuland\/index.html",
    "Color Off Red": "0",
    "Color On Blue": "0",
    "Color Off Blue": "0",
    "Name": "Neuland",
    "Interval": "3"
  }
]